{
  "product": [
    {
      "id": 1,
      "productName": "Birayani",
      "category_id": 7,
      "decriptions": "first description here",
      "price": 500,
      "is_available": true,
      "productImg": "http://localhost:4200/assets/img/biryani.jpg",
      "imgName": "biryani.jpg",
      "rating": 4,
      "review": 100,
      "vendor_name": "abcd Shop",
      "waranty": 1
    },
    {
      "id": 2,
      "productName": "Chocolate Cake",
      "category_id": 4,
      "decriptions": "second description here",
      "price": 900,
      "is_available": true,
      "productImg": "http://localhost:4200/assets/img/chocolate.jpg",
      "imgName": "chocolate.jpg",
      "rating": 5,
      "review": 150,
      "vendor_name": "abc Shop",
      "waranty": 1
    },
    {
      "id": 3,
      "productName": "Chole Bhature",
      "category_id": 3,
      "decriptions": "third description here",
      "price": 100,
      "is_available": true,
      "productImg": "http://localhost:4200/assets/img/choleBhature.jpg",
      "imgName": "choleBhature.jpg",
      "rating": 5,
      "review": 150,
      "vendor_name": "abc Shop",
      "waranty": 1
    },
    {
      "id": 4,
      "productName": "Cold Coffee",
      "category_id": 5,
      "decriptions": "fourth description here",
      "price": 90,
      "is_available": true,
      "productImg": "http://localhost:4200/assets/img/coldCoffee.jpg",
      "imgName": "coldCoffee.jpg",
      "rating": 5,
      "review": 150,
      "vendor_name": "abc Shop",
      "waranty": 1
    },
    {
      "id": 5,
      "productName": "DalBati",
      "category_id": 6,
      "decriptions": "fifth description here",
      "price": 900,
      "is_available": true,
      "productImg": "http://localhost:4200/assets/img/dalbati.jpg",
      "imgName": "dalbati.jpg",
      "rating": 5,
      "review": 150,
      "vendor_name": "abc Shop",
      "waranty": 1
    },
    {
      "id": 6,
      "productName": "Dhosa",
      "category_id": 4,
      "decriptions": "sixth description here",
      "price": 900,
      "is_available": true,
      "productImg": "http://localhost:4200/assets/img/dhosa.jpg",
      "imgName": "dhosa.jpg",
      "rating": 5,
      "review": 150,
      "vendor_name": "abc Shop",
      "waranty": 1
    },
    {
      "id": 7,
      "productName": "Misal Pav",
      "category_id": 4,
      "decriptions": "seventh description here",
      "price": 900,
      "is_available": true,
      "productImg": "http://localhost:4200/assets/img/misalPav.jpg",
      "imgName": "misalPav.jpg",
      "rating": 5,
      "review": 150,
      "vendor_name": "abc Shop",
      "waranty": 1
    },
    {
      "id": 8,
      "productName": "Pizza",
      "category_id": 4,
      "decriptions": "eight description here",
      "price": 900,
      "is_available": true,
      "productImg": "http://localhost:4200/assets/img/pizza.jpg",
      "imgName": "pizza.jpg",
      "rating": 5,
      "review": 150,
      "vendor_name": "abc Shop",
      "waranty": 1
    }
  ],
  "comments": [
    { "id": 1, "body": "some comment", "postId": 1 },
    { "id": 2, "body": "some comment", "postId": 1 }
  ],
  "categories": [
    { "id": 1, "categoryName": "Lunch" },
    { "id": 2, "categoryName": "Dinner" },
    { "id": 3, "categoryName": "Breakfast" },
    { "id": 4, "categoryName": "Sweet" },
    { "id": 5, "categoryName": "Drinks" },
    { "id": 6, "categoryName": "Main Cource" },
    { "id": 7, "categoryName": "Non Veg" },
    { "id": 8, "categoryName": "Veg" }
  ],
  "profile": {
    "name": "typicode"
  }
}
